"id","captured_at","width","height","event_group_id","skip_for_book","full_page","caption_len"
"4","2025-01-11 09:59:27","3024","4032","1","0","0","0"
"3","2025-01-11 14:07:08","4284","5712","1","0","0","0"
"1","2025-01-15 16:23:51","4284","5712","2","0","0","0"
"5","2025-01-17 11:12:44","2316","3088","2","0","0","0"
"2","2025-01-19 20:38:23","4284","5712","2","0","0","0"
"6","2025-01-20 17:52:18","5712","4284","2","0","0","0"
"7","2025-01-21 15:28:07","3024","4032","2","0","0","0"
"13","2025-01-21 22:47:21","1600","1200","2","0","0","0"
"8","2025-01-22 06:27:43","4480","6720","2","0","0","0"
"9","2025-01-23 13:56:31","4284","5712","2","0","0","0"
"10","2025-02-05 07:00:20","4284","5712","3","0","0","0"
"11","2025-02-19 18:24:46","3024","4032","4","0","0","0"
"12","2025-02-21 18:10:10","3024","4032","4","0","0","0"
"14","2025-03-04 18:39:36","4284","5712","5","0","0","0"
"15","2025-03-08 11:16:47","4284","5712","6","0","0","0"
"16","2025-03-08 13:21:08","2316","3088","6","0","0","0"
"17","2025-03-09 14:44:57","3024","4032","6","0","0","0"
"18","2025-03-11 14:58:09","4284","5712","6","0","0","0"
"19","2025-03-13 18:14:32","3024","4032","6","0","0","0"
"20","2025-03-20 20:12:37","3024","4032","7","0","0","0"
"21","2025-03-21 11:15:24","4284","5712","7","0","0","0"
"23","2025-03-22 15:47:27","1536","2048","16","0","0","0"
"22","2025-03-23 13:00:34","4284","5712","7","0","0","0"
"27","2025-03-28 10:29:21","5712","4284","8","0","0","0"
"24","2025-04-05 10:38:18","3515","5008","9","0","0","0"
"25","2025-04-11 10:26:14","4032","3024","10","0","0","0"
"26","2025-04-11 11:34:28","4032","3024","10","0","0","0"
"28","2025-04-18 12:19:01","5712","4284","11","0","0","0"
"29","2025-04-18 16:20:59","4284","5712","11","0","0","0"
"30","2025-04-19 10:38:33","4284","5712","11","0","0","0"
"31","2025-04-19 14:08:48","4284","5712","11","0","0","0"
"32","2025-04-19 14:14:24","3024","4032","11","0","0","0"
"33","2025-04-19 14:25:30","3024","4032","11","0","0","0"
"34","2025-04-20 08:45:04","5712","4284","11","0","0","0"
"35","2025-04-20 12:38:32","4284","5712","11","0","0","0"
"36","2025-04-29 17:52:23","4284","5712","12","0","0","0"
"37","2025-05-04 13:58:39","3024","4032","13","0","0","0"
"38","2025-05-09 13:40:52","4032","3024","14","0","0","0"
"39","2025-05-09 14:20:34","4284","5712","14","0","0","0"
"40","2025-05-11 15:10:54","2316","3088","14","0","0","0"
"41","2025-05-11 15:55:34","3024","4032","14","0","0","0"
"42","2025-05-17 15:53:22","5712","4284","15","0","0","0"
"43","2025-05-21 07:21:00","3024","4032","17","0","0","0"
"44","2025-06-01 15:08:59","4284","5712","18","0","0","0"
"45","2025-06-10 09:03:16","4032","3024","19","0","0","0"
"46","2025-06-12 18:23:05","4284","5712","19","0","0","0"
"47","2025-06-12 20:42:44","3024","4032","19","0","0","0"
"48","2025-06-13 19:17:20","5712","4284","19","0","0","0"
"51","2025-06-13 19:36:27","4284","5712","19","0","0","0"
"49","2025-06-14 09:30:55","3024","4032","19","0","0","0"
"50","2025-06-19 15:56:36","2048","1152","16","0","0","0"
"52","2025-06-20 19:30:26","3024","4032","20","0","0","0"
"53","2025-06-21 15:28:34","4284","5712","20","0","0","0"
"54","2025-06-22 10:49:34","5712","4284","20","0","0","0"
"55","2025-06-22 14:29:39","3024","4032","20","0","0","0"
"56","2025-06-22 15:15:08","3279","4901","20","0","0","0"
"57","2025-07-15 17:26:23","5712","4284","21","0","0","0"
"58","2025-07-18 14:03:43","3024","4032","21","0","0","0"
"59","2025-07-18 14:07:29","4284","5712","21","0","0","0"
"63","2025-07-23 15:56:36","4608","3456","16","0","0","0"
"64","2025-07-24 16:14:59","6000","3376","16","0","0","0"
"60","2025-07-27 14:24:04","4032","3024","22","0","0","0"
"61","2025-07-27 14:25:12","4032","3024","22","0","0","0"
"62","2025-07-27 14:31:53","2102","3088","22","0","0","0"
"86","2025-08-08 14:56:05","4284","5712","23","0","0","0"
"66","2025-08-08 19:37:24","4284","5712","23","0","0","0"
"67","2025-08-08 19:45:14","4284","5712","23","0","0","0"
"89","2025-08-09 08:14:18","4284","5712","23","0","0","0"
"69","2025-08-09 08:15:30","3024","4032","23","0","0","0"
"91","2025-08-09 10:17:32","4032","3024","23","0","0","0"
"92","2025-08-09 10:21:57","4284","5712","23","0","0","0"
"93","2025-08-09 11:36:44","3024","4032","23","0","0","0"
"73","2025-08-10 09:33:40","4284","5712","23","0","0","0"
"95","2025-08-10 10:40:33","3024","4032","23","0","0","0"
"75","2025-08-12 07:19:55","4284","5712","23","0","0","0"
"97","2025-08-12 07:28:57","4284","5712","23","0","0","0"
"98","2025-08-12 07:31:00","4284","5712","23","0","0","0"
"78","2025-08-18 20:17:43","4284","5712","24","0","0","0"
"100","2025-08-21 12:09:10","2316","3088","24","0","0","0"
"101","2025-09-12 09:44:00","3024","4032","25","0","0","0"
"102","2025-09-12 10:06:23","2316","3088","25","0","0","0"
"103","2025-09-14 09:56:54","4284","5712","25","0","0","0"
"104","2025-09-19 13:39:04","4284","5712","26","0","0","0"
"84","2025-09-20 10:07:51","3024","4032","26","0","0","0"
"106","2025-09-20 18:43:02","4284","5712","26","0","0","0"
"107","2025-09-21 14:11:55","4284","5712","26","0","0","0"
"108","2025-09-21 16:44:59","4032","3024","26","0","0","0"
"109","2025-09-21 17:47:23","3024","4032","26","0","0","0"
"110","2025-09-22 14:32:37","4032","3024","26","0","0","0"
"111","2025-09-23 17:42:27","5712","4284","26","0","0","0"
"112","2025-10-07 15:23:43","2316","3088","27","0","0","0"
"113","2025-10-20 16:39:35","3024","4032","28","0","0","0"
"114","2025-10-26 14:20:53","3024","4032","29","0","0","0"
"115","2025-10-26 14:51:38","3024","4032","29","0","0","0"
"116","2025-10-26 18:25:38","4284","5712","29","0","0","0"
"117","2025-10-30 10:05:42","3024","4032","30","0","0","0"
"118","2025-10-31 17:57:32","4284","5712","30","0","0","0"
"119","2025-10-31 18:40:52","4284","5712","30","0","0","0"
"120","2025-11-11 08:34:04","4284","5712","31","0","0","0"
"121","2025-11-16 21:20:16","1170","2080","16","0","0","0"
"122","2025-11-26 14:32:18","4284","5712","32","0","0","0"
"123","2025-11-26 14:39:03","2316","3088","32","0","0","0"
"124","2025-11-26 17:04:11","3024","4032","32","0","0","0"
"125","2025-11-26 17:16:01","4032","3024","32","0","0","0"
"126","2025-11-26 17:51:25","4284","5712","32","0","0","0"
"127","2025-11-26 21:20:16","1536","2048","16","0","0","0"
"128","2025-11-26 21:20:16","1536","2048","16","0","0","0"
"129","2025-11-27 13:13:30","4284","5712","32","0","0","0"
"130","2025-11-27 17:33:00","3024","4032","32","0","0","0"
"131","2025-11-28 12:58:20","5712","4284","32","0","0","0"
"136","2025-11-29 21:23:05","1090","1448","16","0","0","0"
"133","2025-12-06 20:48:30","4032","2268","33","0","0","0"
"134","2025-12-06 22:55:35","2268","4032","33","0","0","0"
"135","2025-12-13 14:53:09","4284","5712","34","0","0","0"
"137","2025-12-16 18:59:04","4284","5712","34","0","0","0"
"138","2025-12-18 08:48:53","4284","5712","34","0","0","0"
"139","2025-12-22 10:26:02","4284","5712","35","0","0","0"
"140","2025-12-23 07:45:40","4032","3024","35","0","0","0"
"141","2025-12-23 08:51:44","4284","5712","35","0","0","0"
"142","2025-12-26 12:47:32","4284","5712","35","0","0","0"
"143","2025-12-26 13:35:36","2316","3088","35","0","0","0"
"144","2025-12-27 15:14:55","900","1600","35","0","0","0"
"145","2025-12-31 19:26:32","4284","5712","36","0","0","0"
